ID Year,Year,ID Gender,Gender,ID Wage Bin,Wage Bin,ID Workforce Status,Workforce Status,Record Count,Total Population,Total Population MOE Appx,Geography,ID Geography,Slug Geography,title,share
2021,"2021",1,"Male",1,"< $10K","true","true",307990,6525732,61336.72001988066,"United States","01000US","united-states","USA",0.04354983736811185
2021,"2021",1,"Male",2,"$10-20k","true","true",294994,6873407,62873.05304277524,"United States","01000US","united-states","USA",0.04587006591978365
2021,"2021",1,"Male",3,"$20-30k","true","true",367271,8981777,71340.0795424428,"United States","01000US","united-states","USA",0.05994039099776815
2021,"2021",1,"Male",4,"$30-40k","true","true",382109,9158416,71992.98329435205,"United States","01000US","united-states","USA",0.06111920124049125
2021,"2021",1,"Male",5,"$40-50k","true","true",349431,8058686,67795.81975694864,"United States","01000US","united-states","USA",0.05378009159749125
2021,"2021",1,"Male",6,"$50-60k","true","true",327145,7278920,64609.32728442757,"United States","01000US","united-states","USA",0.04857627959828824
2021,"2021",1,"Male",7,"$60-70k","true","true",270203,5940502,58641.139028799254,"United States","01000US","united-states","USA",0.03964427224178731
2021,"2021",1,"Male",8,"$70-80k","true","true",203112,4463743,51092.53348312861,"United States","01000US","united-states","USA",0.02978903848687744
2021,"2021",1,"Male",9,"$80-90k","true","true",184647,3990656,48387.75433834403,"United States","01000US","united-states","USA",0.026631865941181734
2021,"2021",1,"Male",10,"$90-100k","true","true",117892,2519665,38642.37001310575,"United States","01000US","united-states","USA",0.016815125256771736
2021,"2021",1,"Male",11,"$100-110k","true","true",139575,3004921,42130.097990473114,"United States","01000US","united-states","USA",0.020053508304359424
2021,"2021",1,"Male",12,"$110-120k","true","true",78349,1646491,31329.627463183217,"United States","01000US","united-states","USA",0.010987949746949437
2021,"2021",1,"Male",13,"$120-130k","true","true",74407,1580173,30699.055851179335,"United States","01000US","united-states","USA",0.01054537286598368
2021,"2021",1,"Male",14,"$130-140k","true","true",65288,1363077,28533.209113374865,"United States","01000US","united-states","USA",0.009096570571732611
2021,"2021",1,"Male",15,"$140-150k","true","true",41532,869004,22820.3693091993,"United States","01000US","united-states","USA",0.005799346781669653
2021,"2021",1,"Male",16,"$150-160k","true","true",40022,855443,22642.64120176583,"United States","01000US","united-states","USA",0.005708846689948301
2021,"2021",1,"Male",17,"$160-170k","true","true",41145,835796,22382.589171531647,"United States","01000US","united-states","USA",0.005577731336947091
2021,"2021",1,"Male",18,"$170-180k","true","true",21601,442224,16302.49662767312,"United States","01000US","united-states","USA",0.002951206589586562
2021,"2021",1,"Male",19,"$180-190k","true","true",21957,459148,16610.576815180764,"United States","01000US","united-states","USA",0.003064149849839653
2021,"2021",1,"Male",20,"$190-200k","true","true",15618,308449,13621.31367709838,"United States","01000US","united-states","USA",0.0020584516474713844
2021,"2021",1,"Male",21,"$200k+","true","true",178948,3561703,45780.42889629007,"United States","01000US","united-states","USA",0.023769224112102073
2021,"2021",2,"Female",1,"< $10K","true","true",447570,9235965,72277.21304724054,"United States","01000US","united-states","USA",0.06163672882790362
2021,"2021",2,"Female",2,"$10-20k","true","true",434871,9713996,73997.95586213678,"United States","01000US","united-states","USA",0.0648268954340278
2021,"2021",2,"Female",3,"$20-30k","true","true",461591,10583704,76999.46474205657,"United States","01000US","united-states","USA",0.07063094039905943
2021,"2021",2,"Female",4,"$30-40k","true","true",420453,9423691,72959.30236525492,"United States","01000US","united-states","USA",0.06288952878502202
2021,"2021",2,"Female",5,"$40-50k","true","true",341058,7472373,65417.83434128214,"United States","01000US","united-states","USA",0.04986729901011412
2021,"2021",2,"Female",6,"$50-60k","true","true",283127,6081693,59304.80931163862,"United States","01000US","united-states","USA",0.04058651827454518
2021,"2021",2,"Female",7,"$60-70k","true","true",214513,4547878,51556.87033914683,"United States","01000US","united-states","USA",0.030350518113525623
2021,"2021",2,"Female",8,"$70-80k","true","true",151840,3207571,43497.48963971707,"United States","01000US","united-states","USA",0.0214059044099071
2021,"2021",2,"Female",9,"$80-90k","true","true",125648,2634223,39495.690022713796,"United States","01000US","united-states","USA",0.017579634474927823
2021,"2021",2,"Female",10,"$90-100k","true","true",78994,1628031,31155.443083009915,"United States","01000US","united-states","USA",0.01086475590481566
2021,"2021",2,"Female",11,"$100-110k","true","true",78980,1647168,31335.99624498581,"United States","01000US","united-states","USA",0.010992467744301798
2021,"2021",2,"Female",12,"$110-120k","true","true",43277,876601,22919.317871209616,"United States","01000US","united-states","USA",0.005850045785932401
2021,"2021",2,"Female",13,"$120-130k","true","true",38330,784075,21682.748932895633,"United States","01000US","united-states","USA",0.005232568351627419
2021,"2021",2,"Female",14,"$130-140k","true","true",31732,641986,19629.317892141848,"United States","01000US","united-states","USA",0.0042843294656606575
2021,"2021",2,"Female",15,"$140-150k","true","true",19622,395820,15425.855778012525,"United States","01000US","united-states","USA",0.0026415269010504924
2021,"2021",2,"Female",16,"$150-160k","true","true",16991,350085,14509.53829113936,"United States","01000US","united-states","USA",0.0023363118214194878
2021,"2021",2,"Female",17,"$160-170k","true","true",16406,324931,13979.735323439663,"United States","01000US","united-states","USA",0.002168445196011413
2021,"2021",2,"Female",18,"$170-180k","true","true",8753,176785,10316.707720779297,"United States","01000US","united-states","USA",0.0011797845818862394
2021,"2021",2,"Female",19,"$180-190k","true","true",8677,173758,10228.105916246692,"United States","01000US","united-states","USA",0.0011595837281409011
2021,"2021",2,"Female",20,"$190-200k","true","true",6026,117595,8415.863983645391,"United States","01000US","united-states","USA",0.0007847768074605443
2021,"2021",2,"Female",21,"$200k+","true","true",56529,1109290,25762.25096830455,"United States","01000US","united-states","USA",0.007402908837517813
2020,"2020",1,"Male",1,"< $10K","true","true",318942,6715200,62163.71972380003,"United States","01000US","united-states","USA",0.04530308714511477
2020,"2020",1,"Male",2,"$10-20k","true","true",318958,7491297,65477.4642934713,"United States","01000US","united-states","USA",0.050538908866591736
2020,"2020",1,"Male",3,"$20-30k","true","true",385946,9442978,73002.11679471837,"United States","01000US","united-states","USA",0.06370563129071384
2020,"2020",1,"Male",4,"$30-40k","true","true",399895,9454618,73044.03309112984,"United States","01000US","united-states","USA",0.06378415880059726
2020,"2020",1,"Male",5,"$40-50k","true","true",355880,8066475,67805.66246561221,"United States","01000US","united-states","USA",0.05441926076347535
2020,"2020",1,"Male",6,"$50-60k","true","true",331070,7201126,64262.971310079076,"United States","01000US","united-states","USA",0.04858131384336308
2020,"2020",1,"Male",7,"$60-70k","true","true",257679,5556588,56778.27970177139,"United States","01000US","united-states","USA",0.03748668548866735
2020,"2020",1,"Male",8,"$70-80k","true","true",196083,4214580,49680.7656664004,"United States","01000US","united-states","USA",0.02843303029247942
2020,"2020",1,"Male",9,"$80-90k","true","true",169910,3599322,46009.467214433964,"United States","01000US","united-states","USA",0.024282284701770428
2020,"2020",1,"Male",10,"$90-100k","true","true",123314,2579656,39087.98796317845,"United States","01000US","united-states","USA",0.017403261343283623
2020,"2020",1,"Male",11,"$100-110k","true","true",136661,2849097,41040.62392111102,"United States","01000US","united-states","USA",0.019221004538343616
2020,"2020",1,"Male",12,"$110-120k","true","true",65427,1356263,28461.036415647883,"United States","01000US","united-states","USA",0.009149824410396532
2020,"2020",1,"Male",13,"$120-130k","true","true",69107,1433344,29250.95015791745,"United States","01000US","united-states","USA",0.009669839787486208
2020,"2020",1,"Male",14,"$130-140k","true","true",55997,1149615,26221.665615308986,"United States","01000US","united-states","USA",0.007755704748679282
2020,"2020",1,"Male",15,"$140-150k","true","true",37780,767292,21450.04111780914,"United States","01000US","united-states","USA",0.005176420112840929
2020,"2020",1,"Male",16,"$150-160k","true","true",40417,830756,22314.70047063702,"United States","01000US","united-states","USA",0.005604570446796367
2020,"2020",1,"Male",17,"$160-170k","true","true",32955,657492,19863.44896410699,"United States","01000US","united-states","USA",0.004435670921672593
2020,"2020",1,"Male",18,"$170-180k","true","true",21273,428906,16055.60156940617,"United States","01000US","united-states","USA",0.002893549841413896
2020,"2020",1,"Male",19,"$180-190k","true","true",18678,373827,14992.075523868858,"United States","01000US","united-states","USA",0.0025219676492430334
2020,"2020",1,"Male",20,"$190-200k","true","true",14478,290038,13209.211736725516,"United States","01000US","united-states","USA",0.0019566977587256967
2020,"2020",1,"Male",21,"$200k+","true","true",159834,3102221,42787.63600263331,"United States","01000US","united-states","USA",0.02092866754622425
2020,"2020",2,"Female",1,"< $10K","true","true",467702,9615081,73618.67452173219,"United States","01000US","united-states","USA",0.06486669830389821
2020,"2020",2,"Female",2,"$10-20k","true","true",470393,10555877,76874.06281495842,"United States","01000US","united-states","USA",0.07121363706577803
2020,"2020",2,"Female",3,"$20-30k","true","true",478055,10909501,78050.67031151043,"United States","01000US","united-states","USA",0.07359930821311603
2020,"2020",2,"Female",4,"$30-40k","true","true",434216,9660602,73780.61855340457,"United States","01000US","united-states","USA",0.06517379888614934
2020,"2020",2,"Female",5,"$40-50k","true","true",338570,7341655,64854.646297859705,"United States","01000US","united-states","USA",0.04952937161281385
2020,"2020",2,"Female",6,"$50-60k","true","true",280075,5927495,58566.39225441981,"United States","01000US","united-states","USA",0.03998895379694307
2020,"2020",2,"Female",7,"$60-70k","true","true",199516,4190365,49542.003446218936,"United States","01000US","united-states","USA",0.028269667435793254
2020,"2020",2,"Female",8,"$70-80k","true","true",140434,2937310,41658.480835322465,"United States","01000US","united-states","USA",0.01981612027969637
2020,"2020",2,"Female",9,"$80-90k","true","true",111445,2316404,37073.33866186519,"United States","01000US","united-states","USA",0.01562727130618484
2020,"2020",2,"Female",10,"$90-100k","true","true",78066,1600326,30890.279819649313,"United States","01000US","united-states","USA",0.010796358744131663
2020,"2020",2,"Female",11,"$100-110k","true","true",71291,1458518,29504.170973891403,"United States","01000US","united-states","USA",0.009839672393483217
2020,"2020",2,"Female",12,"$110-120k","true","true",34959,702940,20535.328987152967,"United States","01000US","united-states","USA",0.004742279020399538
2020,"2020",2,"Female",13,"$120-130k","true","true",33223,681086,20215.089953199564,"United States","01000US","united-states","USA",0.004594844295228383
2020,"2020",2,"Female",14,"$130-140k","true","true",25888,516422,17612.42968700684,"United States","01000US","united-states","USA",0.0034839633770631494
2020,"2020",2,"Female",15,"$140-150k","true","true",16738,338726,14272.571934040025,"United States","01000US","united-states","USA",0.0022851640303067884
2020,"2020",2,"Female",16,"$150-160k","true","true",15917,322111,13918.907424834151,"United States","01000US","united-states","USA",0.0021730734309328187
2020,"2020",2,"Female",17,"$160-170k","true","true",12653,253947,12361.579406623672,"United States","01000US","united-states","USA",0.001713215253639573
2020,"2020",2,"Female",18,"$170-180k","true","true",8172,161901,9873.297370243296,"United States","01000US","united-states","USA",0.0010922407540923914
2020,"2020",2,"Female",19,"$180-190k","true","true",7096,141402,9227.738713730108,"United States","01000US","united-states","USA",0.0009539473326920299
2020,"2020",2,"Female",20,"$190-200k","true","true",5326,103122,7881.326166683744,"United States","01000US","united-states","USA",0.000695697068230064
2020,"2020",2,"Female",21,"$200k+","true","true",47630,932827,23637.65820052521,"United States","01000US","united-states","USA",0.006293177101548126
2019,"2019",1,"Male",1,"< $10K","true","true",337531,7002138,63405.44356882694,"United States","01000US","united-states","USA",0.04748262325866658
2019,"2019",1,"Male",2,"$10-20k","true","true",343386,7909297,67169.6702044643,"United States","01000US","united-states","USA",0.053634214248833974
2019,"2019",1,"Male",3,"$20-30k","true","true",408611,9646098,73715.82900533827,"United States","01000US","united-states","USA",0.06541174099256215
2019,"2019",1,"Male",4,"$30-40k","true","true",421392,9531839,73308.31152585005,"United States","01000US","united-states","USA",0.06463693234827209
2019,"2019",1,"Male",5,"$40-50k","true","true",376967,8147892,68116.97342781855,"United States","01000US","united-states","USA",0.05525216529412922
2019,"2019",1,"Male",6,"$50-60k","true","true",336326,6993639,63368.869018618185,"United States","01000US","united-states","USA",0.04742499017358951
2019,"2019",1,"Male",7,"$60-70k","true","true",263903,5422152,56108.14937603569,"United States","01000US","united-states","USA",0.0367684842354186
2019,"2019",1,"Male",8,"$70-80k","true","true",200986,4111302,49082.25660156314,"United States","01000US","united-states","USA",0.02787939968743867
2019,"2019",1,"Male",9,"$80-90k","true","true",172231,3494496,45348.132033112925,"United States","01000US","united-states","USA",0.023696739059829632
2019,"2019",1,"Male",10,"$90-100k","true","true",119208,2391681,37659.60313516697,"United States","01000US","united-states","USA",0.016218373285118194
2019,"2019",1,"Male",11,"$100-110k","true","true",136851,2735060,40224.714221832706,"United States","01000US","united-states","USA",0.01854688147675019
2019,"2019",1,"Male",12,"$110-120k","true","true",68176,1347954,28373.851477874425,"United States","01000US","united-states","USA",0.00914069273584906
2019,"2019",1,"Male",13,"$120-130k","true","true",77760,1535246,30261.55428462304,"United States","01000US","united-states","USA",0.010410749892015101
2019,"2019",1,"Male",14,"$130-140k","true","true",46698,914818,23409.429756375954,"United States","01000US","united-states","USA",0.006203527900228023
2019,"2019",1,"Male",15,"$140-150k","true","true",33987,660566,19909.391720047533,"United States","01000US","united-states","USA",0.004479404221322737
2019,"2019",1,"Male",16,"$150-160k","true","true",43032,831949,22330.301582697255,"United States","01000US","united-states","USA",0.005641579891373807
2019,"2019",1,"Male",17,"$160-170k","true","true",31563,609474,19127.272004307215,"United States","01000US","united-states","USA",0.0041329411571083795
2019,"2019",1,"Male",18,"$170-180k","true","true",19501,376559,15046.52040600068,"United States","01000US","united-states","USA",0.0025535071047814582
2019,"2019",1,"Male",19,"$180-190k","true","true",20445,394197,15393.953830031222,"United States","01000US","united-states","USA",0.0026731132178052746
2019,"2019",1,"Male",20,"$190-200k","true","true",12150,232683,11833.526487001138,"United States","01000US","united-states","USA",0.0015778608230366663
2019,"2019",1,"Male",21,"$200k+","true","true",156968,2915707,41505.94224244194,"United States","01000US","united-states","USA",0.019771877819839734
2019,"2019",2,"Female",1,"< $10K","true","true",497526,10040313,75099.41278081846,"United States","01000US","united-states","USA",0.06808497627126064
2019,"2019",2,"Female",2,"$10-20k","true","true",504971,10983087,78276.30655959343,"United States","01000US","united-states","USA",0.07447807830096445
2019,"2019",2,"Female",3,"$20-30k","true","true",502640,10994541,78313.82584868581,"United States","01000US","united-states","USA",0.07455574971601008
2019,"2019",2,"Female",4,"$30-40k","true","true",453877,9634482,73674.53525099762,"United States","01000US","united-states","USA",0.06533297102947765
2019,"2019",2,"Female",5,"$40-50k","true","true",354572,7298281,64664.09555754692,"United States","01000US","united-states","USA",0.04949081654187398
2019,"2019",2,"Female",6,"$50-60k","true","true",279626,5634952,57155.71416455462,"United States","01000US","united-states","USA",0.03821151523958394
2019,"2019",2,"Female",7,"$60-70k","true","true",201523,4024172,48574.13086768721,"United States","01000US","united-states","USA",0.027288557152697478
2019,"2019",2,"Female",8,"$70-80k","true","true",142659,2845882,41015.843624549685,"United States","01000US","united-states","USA",0.019298383271597986
2019,"2019",2,"Female",9,"$80-90k","true","true",110945,2200309,36145.33082352417,"United States","01000US","united-states","USA",0.014920648993158005
2019,"2019",2,"Female",10,"$90-100k","true","true",73300,1436476,29281.839139213556,"United States","01000US","united-states","USA",0.009740974646331783
2019,"2019",2,"Female",11,"$100-110k","true","true",69605,1362626,28526.420899497265,"United States","01000US","united-states","USA",0.009240185926136247
2019,"2019",2,"Female",12,"$110-120k","true","true",35412,687095,20303.412297996034,"United States","01000US","united-states","USA",0.0046593016344313
2019,"2019",2,"Female",13,"$120-130k","true","true",35653,692451,20382.02074716007,"United States","01000US","united-states","USA",0.0046956215313218525
2019,"2019",2,"Female",14,"$130-140k","true","true",21454,409669,15692.32261868287,"United States","01000US","united-states","USA",0.0027780313366795512
2019,"2019",2,"Female",15,"$140-150k","true","true",14507,277907,12930.48737698161,"United States","01000US","united-states","USA",0.0018845320360647354
2019,"2019",2,"Female",16,"$150-160k","true","true",16658,319446,13861.256115396696,"United States","01000US","united-states","USA",0.0021662146717885316
2019,"2019",2,"Female",17,"$160-170k","true","true",11618,223645,11601.784269379861,"United States","01000US","united-states","USA",0.0015165726923240428
2019,"2019",2,"Female",18,"$170-180k","true","true",7346,137654,9104.715609674506,"United States","01000US","united-states","USA",0.0009334538996587171
2019,"2019",2,"Female",19,"$180-190k","true","true",7389,140970,9213.622819398632,"United States","01000US","united-states","USA",0.0009559402286521957
2019,"2019",2,"Female",20,"$190-200k","true","true",4404,82288,7040.7967639861345,"United States","01000US","united-states","USA",0.0005580081544678434
2019,"2019",2,"Female",21,"$200k+","true","true",44933,836386,22389.430301634784,"United States","01000US","united-states","USA",0.005671667901549942
2018,"2018",1,"Male",1,"< $10K","true","true",345483,7227610,64342.23536468928,"United States","01000US","united-states","USA",0.04972771608703081
2018,"2018",1,"Male",2,"$10-20k","true","true",355410,8237187,68437.66094249878,"United States","01000US","united-states","USA",0.0566738515901911
2018,"2018",1,"Male",3,"$20-30k","true","true",425254,10012703,74963.6906734111,"United States","01000US","united-states","USA",0.06888983385209796
2018,"2018",1,"Male",4,"$30-40k","true","true",410279,9190732,72038.59929648023,"United States","01000US","united-states","USA",0.06323447329449
2018,"2018",1,"Male",5,"$40-50k","true","true",375960,8054232,67718.50019789742,"United States","01000US","united-states","USA",0.05541507665674799
2018,"2018",1,"Male",6,"$50-60k","true","true",330064,6857787,62758.339993091686,"United States","01000US","united-states","USA",0.04718324382767343
2018,"2018",1,"Male",7,"$60-70k","true","true",263097,5422135,56092.41553808604,"United States","01000US","united-states","USA",0.03730560861274374
2018,"2018",1,"Male",8,"$70-80k","true","true",191370,3917010,47931.35221272426,"United States","01000US","united-states","USA",0.026949982247251935
2018,"2018",1,"Male",9,"$80-90k","true","true",156566,3179507,43296.3870528342,"United States","01000US","united-states","USA",0.021875782090169098
2018,"2018",1,"Male",10,"$90-100k","true","true",115782,2328454,37162.22022622374,"United States","01000US","united-states","USA",0.01602033029365326
2018,"2018",1,"Male",11,"$100-110k","true","true",129462,2595005,39195.10438627729,"United States","01000US","united-states","USA",0.017854266055366212
2018,"2018",1,"Male",12,"$110-120k","true","true",64226,1273706,27586.589918812402,"United States","01000US","united-states","USA",0.008763407315329364
2018,"2018",1,"Male",13,"$120-130k","true","true",71667,1423433,29147.8244828587,"United States","01000US","united-states","USA",0.009793565520678416
2018,"2018",1,"Male",14,"$130-140k","true","true",46792,919638,23469.556593944097,"United States","01000US","united-states","USA",0.006327333290928099
2018,"2018",1,"Male",15,"$140-150k","true","true",32833,641612,19622.317140819974,"United States","01000US","united-states","USA",0.004414446736062407
2018,"2018",1,"Male",16,"$150-160k","true","true",40620,789364,21753.58665993539,"United States","01000US","united-states","USA",0.005431016460672752
2018,"2018",1,"Male",17,"$160-170k","true","true",25497,496567,17271.12119684628,"United States","01000US","united-states","USA",0.0034165018303683554
2018,"2018",1,"Male",18,"$170-180k","true","true",15639,302740,13494.502833131346,"United States","01000US","united-states","USA",0.002082924890549948
2018,"2018",1,"Male",19,"$180-190k","true","true",18541,361432,14741.694193988022,"United States","01000US","united-states","USA",0.0024867401368872588
2018,"2018",1,"Male",20,"$190-200k","true","true",11014,210354,11252.153395488755,"United States","01000US","united-states","USA",0.00144728672268859
2018,"2018",1,"Male",21,"$200k+","true","true",143766,2699906,39964.77896991057,"United States","01000US","united-states","USA",0.018576010469528795
2018,"2018",2,"Female",1,"< $10K","true","true",508640,10328043,76046.23861429065,"United States","01000US","united-states","USA",0.07105944980963914
2018,"2018",2,"Female",2,"$10-20k","true","true",518475,11287601,79217.43304974744,"United States","01000US","united-states","USA",0.07766144241757443
2018,"2018",2,"Female",3,"$20-30k","true","true",515118,11175987,78857.608932984,"United States","01000US","united-states","USA",0.07689351092938707
2018,"2018",2,"Female",4,"$30-40k","true","true",437162,9211704,72115.18891583421,"United States","01000US","united-states","USA",0.06337876575932654
2018,"2018",2,"Female",5,"$40-50k","true","true",351011,7212174,64277.082350710254,"United States","01000US","united-states","USA",0.04962151264972313
2018,"2018",2,"Female",6,"$50-60k","true","true",269913,5432680,56144.817714995326,"United States","01000US","united-states","USA",0.03737816077952332
2018,"2018",2,"Female",7,"$60-70k","true","true",196040,3918984,47943.09374084772,"United States","01000US","united-states","USA",0.02696356384774723
2018,"2018",2,"Female",8,"$70-80k","true","true",132750,2650921,39607.37346467649,"United States","01000US","united-states","USA",0.0182389817459918
2018,"2018",2,"Female",9,"$80-90k","true","true",99503,1973707,34256.82628264325,"United States","01000US","united-states","USA",0.013579584583975245
2018,"2018",2,"Female",10,"$90-100k","true","true",68737,1350291,28396.2928234574,"United States","01000US","united-states","USA",0.009290330757037654
2018,"2018",2,"Female",11,"$100-110k","true","true",63838,1256931,27405.92234703615,"United States","01000US","united-states","USA",0.008647991232093005
2018,"2018",2,"Female",12,"$110-120k","true","true",32491,632663,19485.59621456715,"United States","01000US","united-states","USA",0.0043528754377683875
2018,"2018",2,"Female",13,"$120-130k","true","true",31481,609388,19125.348262661573,"United States","01000US","united-states","USA",0.004192737772354006
2018,"2018",2,"Female",14,"$130-140k","true","true",20282,391864,15348.15571446637,"United States","01000US","united-states","USA",0.00269611970440135
2018,"2018",2,"Female",15,"$140-150k","true","true",13486,258344,12467.736996367998,"United States","01000US","united-states","USA",0.0017774696040306391
2018,"2018",2,"Female",16,"$150-160k","true","true",14884,288187,13166.822029361758,"United States","01000US","united-states","USA",0.0019827967081750605
2018,"2018",2,"Female",17,"$160-170k","true","true",9346,178286,10360.169286624161,"United States","01000US","united-states","USA",0.001226651076952461
2018,"2018",2,"Female",18,"$170-180k","true","true",5894,111463,8193.576823745834,"United States","01000US","united-states","USA",0.0007668925714321491
2018,"2018",2,"Female",19,"$180-190k","true","true",6507,123089,8609.945536703883,"United States","01000US","united-states","USA",0.0008468822813401021
2018,"2018",2,"Female",20,"$190-200k","true","true",3809,71278,6553.087908481838,"United States","01000US","united-states","USA",0.0004904099899207874
2018,"2018",2,"Female",21,"$200k+","true","true",39494,738996,21051.784078762466,"United States","01000US","united-states","USA",0.005084472360496958
2017,"2017",1,"Male",1,"< $10K","true","true",356119,7478992,65366.6724226784,"United States","01000US","united-states","USA",0.0521924400338649
2017,"2017",1,"Male",2,"$10-20k","true","true",370545,8640944,69959.98335869603,"United States","01000US","united-states","USA",0.060301167798546204
2017,"2017",1,"Male",3,"$20-30k","true","true",426866,9982766,74820.37057329895,"United States","01000US","united-states","USA",0.0696651254376399
2017,"2017",1,"Male",4,"$30-40k","true","true",416741,9257627,72247.39396955394,"United States","01000US","united-states","USA",0.06460471438576063
2017,"2017",1,"Male",5,"$40-50k","true","true",368092,7841388,66842.26156699436,"United States","01000US","united-states","USA",0.054721434783225845
2017,"2017",1,"Male",6,"$50-60k","true","true",321984,6669027,61909.48911231719,"United States","01000US","united-states","USA",0.04654006740236197
2017,"2017",1,"Male",7,"$60-70k","true","true",253337,5217554,55049.600666727005,"United States","01000US","united-states","USA",0.036410905944069996
2017,"2017",1,"Male",8,"$70-80k","true","true",192790,3934091,48023.29875006295,"United States","01000US","united-states","USA",0.02745420888339867
2017,"2017",1,"Male",9,"$80-90k","true","true",147534,2991282,42016.75963179503,"United States","01000US","united-states","USA",0.020874779169355904
2017,"2017",1,"Male",10,"$90-100k","true","true",109675,2198207,36120.36575946146,"United States","01000US","united-states","USA",0.015340274067617943
2017,"2017",1,"Male",11,"$100-110k","true","true",121327,2435330,37986.69599988444,"United States","01000US","united-states","USA",0.016995046255922214
2017,"2017",1,"Male",12,"$110-120k","true","true",58156,1152569,26251.5284652146,"United States","01000US","united-states","USA",0.008043248129880555
2017,"2017",1,"Male",13,"$120-130k","true","true",69050,1367467,28572.682534087126,"United States","01000US","united-states","USA",0.009542922280942289
2017,"2017",1,"Male",14,"$130-140k","true","true",41429,814318,22091.960746496683,"United States","01000US","united-states","USA",0.005682750213330459
2017,"2017",1,"Male",15,"$140-150k","true","true",29904,581352,18681.49330026178,"United States","01000US","united-states","USA",0.004056987813139448
2017,"2017",1,"Male",16,"$150-160k","true","true",43021,839862,22433.770779918155,"United States","01000US","united-states","USA",0.00586101002270384
2017,"2017",1,"Male",17,"$160-170k","true","true",19931,386695,15246.573743007995,"United States","01000US","united-states","USA",0.0026985662772329995
2017,"2017",1,"Male",18,"$170-180k","true","true",12782,247429,12201.824884520478,"United States","01000US","united-states","USA",0.0017266930149329159
2017,"2017",1,"Male",19,"$180-190k","true","true",17541,341687,14334.105143288441,"United States","01000US","united-states","USA",0.0023844761777858828
2017,"2017",1,"Male",20,"$190-200k","true","true",9807,190284,10702.552142146998,"United States","01000US","united-states","USA",0.0013279043832917523
2017,"2017",1,"Male",21,"$200k+","true","true",131785,2477920,38311.62622264271,"United States","01000US","united-states","USA",0.017292262247200492
2017,"2017",2,"Female",1,"< $10K","true","true",523724,10656990,77109.99875068702,"United States","01000US","united-states","USA",0.07437022415808145
2017,"2017",2,"Female",2,"$10-20k","true","true",536471,11677778,80407.37870376473,"United States","01000US","united-states","USA",0.08149383339276024
2017,"2017",2,"Female",3,"$20-30k","true","true",510860,10993349,78218.06428752988,"United States","01000US","united-states","USA",0.07671751867816527
2017,"2017",2,"Female",4,"$30-40k","true","true",441615,9253328,72231.77543055783,"United States","01000US","united-states","USA",0.06457471364505846
2017,"2017",2,"Female",5,"$40-50k","true","true",339841,6969402,63218.73727567688,"United States","01000US","united-states","USA",0.04863624616216972
2017,"2017",2,"Female",6,"$50-60k","true","true",259440,5213095,55026.96100593416,"United States","01000US","united-states","USA",0.03637978863707047
2017,"2017",2,"Female",7,"$60-70k","true","true",185692,3708716,46665.12795236016,"United States","01000US","united-states","USA",0.02588142057547799
2017,"2017",2,"Female",8,"$70-80k","true","true",129879,2586721,39128.563209338135,"United States","01000US","united-states","USA",0.018051534307944043
2017,"2017",2,"Female",9,"$80-90k","true","true",91382,1813702,32854.26473932819,"United States","01000US","united-states","USA",0.012656990791580046
2017,"2017",2,"Female",10,"$90-100k","true","true",63018,1235813,27175.046861245446,"United States","01000US","united-states","USA",0.008624169660239064
2017,"2017",2,"Female",11,"$100-110k","true","true",57226,1128460,25977.72047907707,"United States","01000US","united-states","USA",0.007875002524486613
2017,"2017",2,"Female",12,"$110-120k","true","true",28238,548413,18146.630068783223,"United States","01000US","united-states","USA",0.0038271217052100004
2017,"2017",2,"Female",13,"$120-130k","true","true",29245,567956,18465.86816466808,"United States","01000US","united-states","USA",0.003963503299893057
2017,"2017",2,"Female",14,"$130-140k","true","true",17436,336198,14218.777499594165,"United States","01000US","united-states","USA",0.002346170975247107
2017,"2017",2,"Female",15,"$140-150k","true","true",11715,224238,11616.874416094362,"United States","01000US","united-states","USA",0.0015648537086700718
2017,"2017",2,"Female",16,"$150-160k","true","true",14947,291363,13238.841611267579,"United States","01000US","united-states","USA",0.0020332881631090097
2017,"2017",2,"Female",17,"$160-170k","true","true",7262,136497,9066.285055282893,"United States","01000US","united-states","USA",0.0009525496868164128
2017,"2017",2,"Female",18,"$170-180k","true","true",4669,87915,7277.345334965045,"United States","01000US","united-states","USA",0.000613518287702037
2017,"2017",2,"Female",19,"$180-190k","true","true",5938,112413,8228.347290423002,"United States","01000US","united-states","USA",0.0007844785449064333
2017,"2017",2,"Female",20,"$190-200k","true","true",3270,61383,6081.4308903723395,"United States","01000US","united-states","USA",0.00042836368144246297
2017,"2017",2,"Female",21,"$200k+","true","true",34488,645941,19687.480074843017,"United States","01000US","united-states","USA",0.004507724691765244
2016,"2016",1,"Male",1,"< $10K","true","true",363054,7667656,66106.94963702606,"United States","01000US","united-states","USA",0.05445522686107951
2016,"2016",1,"Male",2,"$10-20k","true","true",378749,8849190,70702.03355516707,"United States","01000US","united-states","USA",0.06284640951378051
2016,"2016",1,"Male",3,"$20-30k","true","true",428826,9947254,74647.83744214659,"United States","01000US","united-states","USA",0.07064479329990554
2016,"2016",1,"Male",4,"$30-40k","true","true",416139,9151229,71816.17264810836,"United States","01000US","united-states","USA",0.0649914721334251
2016,"2016",1,"Male",5,"$40-50k","true","true",367470,7768903,66516.66437204875,"United States","01000US","united-states","USA",0.05517427690114439
2016,"2016",1,"Male",6,"$50-60k","true","true",309790,6392344,60647.930918483624,"United States","01000US","united-states","USA",0.0453980385523373
2016,"2016",1,"Male",7,"$60-70k","true","true",248946,5111658,54491.150551014915,"United States","01000US","united-states","USA",0.036302684422234374
2016,"2016",1,"Male",8,"$70-80k","true","true",184346,3758830,46959.729004158726,"United States","01000US","united-states","USA",0.02669498219302372
2016,"2016",1,"Male",9,"$80-90k","true","true",144983,2946448,41699.61257710761,"United States","01000US","united-states","USA",0.020925494606744744
2016,"2016",1,"Male",10,"$90-100k","true","true",100629,2016167,34610.37216969642,"United States","01000US","united-states","USA",0.014318695488532882
2016,"2016",1,"Male",11,"$100-110k","true","true",114698,2307892,36990.81115790309,"United States","01000US","united-states","USA",0.01639050870707691
2016,"2016",1,"Male",12,"$110-120k","true","true",56133,1116224,25835.815474458257,"United States","01000US","united-states","USA",0.007927355002334692
2016,"2016",1,"Male",13,"$120-130k","true","true",64951,1284154,27694.520358446403,"United States","01000US","united-states","USA",0.009119983655313005
2016,"2016",1,"Male",14,"$130-140k","true","true",35241,689455,20335.827783802382,"United States","01000US","united-states","USA",0.004896467503954999
2016,"2016",1,"Male",15,"$140-150k","true","true",28482,553760,18233.912894825222,"United States","01000US","united-states","USA",0.003932769861688029
2016,"2016",1,"Male",16,"$150-160k","true","true",39760,784216,21681.02628681116,"United States","01000US","united-states","USA",0.005569454366248085
2016,"2016",1,"Male",17,"$160-170k","true","true",17857,345184,14406.785908267875,"United States","01000US","united-states","USA",0.0024514757872307873
2016,"2016",1,"Male",18,"$170-180k","true","true",14458,281517,13013.45129092155,"United States","01000US","united-states","USA",0.00199931662300063
2016,"2016",1,"Male",19,"$180-190k","true","true",13758,265672,12642.63366001488,"United States","01000US","united-states","USA",0.001886786396082025
2016,"2016",1,"Male",20,"$190-200k","true","true",8388,162857,9902.085589153352,"United States","01000US","united-states","USA",0.0011566005153223913
2016,"2016",1,"Male",21,"$200k+","true","true",120960,2279100,36763.169099612525,"United States","01000US","united-states","USA",0.01618602967309518
2016,"2016",2,"Female",1,"< $10K","true","true",534799,10907468,77880.432124204,"United States","01000US","united-states","USA",0.07746417476474755
2016,"2016",2,"Female",2,"$10-20k","true","true",545380,11807954,80750.11632549742,"United States","01000US","united-states","USA",0.08385937160394144
2016,"2016",2,"Female",3,"$20-30k","true","true",512892,10941548,77991.7716988151,"United States","01000US","united-states","USA",0.07770620885331721
2016,"2016",2,"Female",4,"$30-40k","true","true",439029,9147295,71801.80727957557,"United States","01000US","united-states","USA",0.06496353310453916
2016,"2016",2,"Female",5,"$40-50k","true","true",334834,6851139,62679.40349202109,"United States","01000US","united-states","USA",0.048656372756131654
2016,"2016",2,"Female",6,"$50-60k","true","true",246431,4939233,53598.24750489917,"United States","01000US","united-states","USA",0.035078132552468486
2016,"2016",2,"Female",7,"$60-70k","true","true",179336,3587271,45904.26015015758,"United States","01000US","united-states","USA",0.025476580602621132
2016,"2016",2,"Female",8,"$70-80k","true","true",121195,2418410,37851.032666081606,"United States","01000US","united-states","USA",0.017175400825637364
2016,"2016",2,"Female",9,"$80-90k","true","true",86566,1721277,32013.214714564718,"United States","01000US","united-states","USA",0.01222440463236201
2016,"2016",2,"Female",10,"$90-100k","true","true",55736,1090978,25544.283974393333,"United States","01000US","united-states","USA",0.007748059444822094
2016,"2016",2,"Female",11,"$100-110k","true","true",52523,1035313,24889.03558008631,"United States","01000US","united-states","USA",0.007352729998219117
2016,"2016",2,"Female",12,"$110-120k","true","true",26126,508714,17479.365399223952,"United States","01000US","united-states","USA",0.0036128559076472914
2016,"2016",2,"Female",13,"$120-130k","true","true",26238,511432,17525.828539421265,"United States","01000US","united-states","USA",0.003632158978443427
2016,"2016",2,"Female",14,"$130-140k","true","true",14209,274632,12853.647530618595,"United States","01000US","united-states","USA",0.0019504197714806178
2016,"2016",2,"Female",15,"$140-150k","true","true",10695,205497,11121.423007595393,"United States","01000US","united-states","USA",0.0014594272036031945
2016,"2016",2,"Female",16,"$150-160k","true","true",13222,257540,12447.99975494014,"United States","01000US","united-states","USA",0.001829033426356427
2016,"2016",2,"Female",17,"$160-170k","true","true",6342,119573,8486.074527826728,"United States","01000US","united-states","USA",0.0008492001781848142
2016,"2016",2,"Female",18,"$170-180k","true","true",5056,96793,7635.674588530168,"United States","01000US","united-states","USA",0.0006874180027852669
2016,"2016",2,"Female",19,"$180-190k","true","true",4435,83286,7083.245299060298,"United States","01000US","united-states","USA",0.000591492109759732
2016,"2016",2,"Female",20,"$190-200k","true","true",2743,53332,5668.738605607738,"United States","01000US","united-states","USA",0.00037876062240599893
2016,"2016",2,"Female",21,"$200k+","true","true",30164,568217,18469.443585121706,"United States","01000US","united-states","USA",0.004035442596971228
2015,"2015",1,"Male",1,"< $10K","true","true",368032,7758618,66443.80269700922,"United States","01000US","united-states","USA",0.0559933081274301
2015,"2015",1,"Male",2,"$10-20k","true","true",383448,8925615,70947.21613435996,"United States","01000US","united-states","USA",0.06441542951616022
2015,"2015",1,"Male",3,"$20-30k","true","true",423483,9718583,73804.94019142694,"United States","01000US","united-states","USA",0.07013821436768816
2015,"2015",1,"Male",4,"$30-40k","true","true",421106,9177322,71870.76076446765,"United States","01000US","united-states","USA",0.06623197823770201
2015,"2015",1,"Male",5,"$40-50k","true","true",356218,7503286,65405.08369355767,"United States","01000US","united-states","USA",0.05415059807896619
2015,"2015",1,"Male",6,"$50-60k","true","true",309773,6388644,60607.87940010544,"United States","01000US","united-states","USA",0.04610631842016936
2015,"2015",1,"Male",7,"$60-70k","true","true",244860,5037103,54090.91224372078,"United States","01000US","united-states","USA",0.03635235815819293
2015,"2015",1,"Male",8,"$70-80k","true","true",171332,3509774,45409.13090236133,"United States","01000US","united-states","USA",0.025329750354978534
2015,"2015",1,"Male",9,"$80-90k","true","true",140462,2875906,41200.99877926994,"United States","01000US","united-states","USA",0.020755177120915732
2015,"2015",1,"Male",10,"$90-100k","true","true",101367,2049274,34885.04618692009,"United States","01000US","united-states","USA",0.014789441949523896
2015,"2015",1,"Male",11,"$100-110k","true","true",108408,2205785,36171.938054283775,"United States","01000US","united-states","USA",0.015918968966878302
2015,"2015",1,"Male",12,"$110-120k","true","true",53084,1061600,25199.106297485567,"United States","01000US","united-states","USA",0.0076614799063544296
2015,"2015",1,"Male",13,"$120-130k","true","true",57952,1150893,26228.96162038316,"United States","01000US","united-states","USA",0.008305900144935915
2015,"2015",1,"Male",14,"$130-140k","true","true",35883,711422,20654.783106391405,"United States","01000US","united-states","USA",0.005134274074923211
2015,"2015",1,"Male",15,"$140-150k","true","true",24077,470276,16807.879566054828,"United States","01000US","united-states","USA",0.0033939432219675355
2015,"2015",1,"Male",16,"$150-160k","true","true",34650,687940,20312.775118861682,"United States","01000US","united-states","USA",0.004964806411809972
2015,"2015",1,"Male",17,"$160-170k","true","true",19392,385573,15223.796821500562,"United States","01000US","united-states","USA",0.0027826486359577964
2015,"2015",1,"Male",18,"$170-180k","true","true",13750,268644,12712.820693130017,"United States","01000US","united-states","USA",0.0019387816578397509
2015,"2015",1,"Male",19,"$180-190k","true","true",13487,262581,12568.820317764372,"United States","01000US","united-states","USA",0.0018950254853904037
2015,"2015",1,"Male",20,"$190-200k","true","true",7527,146939,9406.171727267138,"United States","01000US","united-states","USA",0.0010604466804444363
2015,"2015",1,"Male",21,"$200k+","true","true",111561,2120567,35477.40568655511,"United States","01000US","united-states","USA",0.015303957668216177
2015,"2015",2,"Female",1,"< $10K","true","true",540758,10983888,78076.25913288395,"United States","01000US","united-states","USA",0.07926981650871096
2015,"2015",2,"Female",2,"$10-20k","true","true",552432,11851282,80824.35001737265,"United States","01000US","united-states","USA",0.08552972768230967
2015,"2015",2,"Female",3,"$20-30k","true","true",507286,10736714,77267.51374360688,"United States","01000US","united-states","USA",0.07748598207542794
2015,"2015",2,"Female",4,"$30-40k","true","true",442821,9197563,71944.34611578073,"United States","01000US","united-states","USA",0.06637805587031742
2015,"2015",2,"Female",5,"$40-50k","true","true",322294,6604126,61571.271156280214,"United States","01000US","united-states","USA",0.04766143429543411
2015,"2015",2,"Female",6,"$50-60k","true","true",244668,4917154,53466.99484498249,"United States","01000US","united-states","USA",0.03548669608840459
2015,"2015",2,"Female",7,"$60-70k","true","true",174282,3497027,45328.73516319558,"United States","01000US","united-states","USA",0.02523775630414366
2015,"2015",2,"Female",8,"$70-80k","true","true",111818,2236891,36421.938650111624,"United States","01000US","united-states","USA",0.01614345841108239
2015,"2015",2,"Female",9,"$80-90k","true","true",82213,1646358,31314.204567897003,"United States","01000US","united-states","USA",0.01188163030865285
2015,"2015",2,"Female",10,"$90-100k","true","true",54615,1081667,25434.299496927444,"United States","01000US","united-states","USA",0.007806301795277578
2015,"2015",2,"Female",11,"$100-110k","true","true",48194,954822,23907.51593961825,"United States","01000US","united-states","USA",0.006890871860536124
2015,"2015",2,"Female",12,"$110-120k","true","true",24170,472074,16839.869954682297,"United States","01000US","united-states","USA",0.0034069192401209127
2015,"2015",2,"Female",13,"$120-130k","true","true",22977,452191,16482.6073582141,"United States","01000US","united-states","USA",0.003263425264067743
2015,"2015",2,"Female",14,"$130-140k","true","true",14069,274007,12838.839117410982,"United States","01000US","united-states","USA",0.001977485987848962
2015,"2015",2,"Female",15,"$140-150k","true","true",8782,169864,10112.512445309794,"United States","01000US","united-states","USA",0.0012258945203588818
2015,"2015",2,"Female",16,"$150-160k","true","true",11419,222082,11560.673268515104,"United States","01000US","united-states","USA",0.0016027475325574646
2015,"2015",2,"Female",17,"$160-170k","true","true",6481,125078,8678.98864733146,"United States","01000US","united-states","USA",0.0009026776410389971
2015,"2015",2,"Female",18,"$170-180k","true","true",4666,89858,7357.195008296057,"United States","01000US","united-states","USA",0.0006484977971224533
2015,"2015",2,"Female",19,"$180-190k","true","true",4165,79542,6922.266628530189,"United States","01000US","united-states","USA",0.0005740480733903957
2015,"2015",2,"Female",20,"$190-200k","true","true",2290,45794,5252.998434276641,"United States","01000US","united-states","USA",0.0003304915324336801
2015,"2015",2,"Female",21,"$200k+","true","true",26739,508981,17483.421748106502,"United States","01000US","united-states","USA",0.003673274024318184
2014,"2014",1,"Male",1,"< $10K","true","true",366748,7751918,66383.76470723774,"United States","01000US","united-states","USA",0.056884095089404334
2014,"2014",1,"Male",2,"$10-20k","true","true",381221,8825650,70535.68683738542,"United States","01000US","united-states","USA",0.06476321264309057
2014,"2014",1,"Male",3,"$20-30k","true","true",414785,9431846,72744.23969091843,"United States","01000US","united-states","USA",0.06921151961780528
2014,"2014",1,"Male",4,"$30-40k","true","true",417719,9031709,71296.6547897834,"United States","01000US","united-states","USA",0.06627528742897291
2014,"2014",1,"Male",5,"$40-50k","true","true",359610,7518920,65437.74580830992,"United States","01000US","united-states","USA",0.05517434011165031
2014,"2014",1,"Male",6,"$50-60k","true","true",297093,6084493,59192.75721477541,"United States","01000US","united-states","USA",0.04464841841500581
2014,"2014",1,"Male",7,"$60-70k","true","true",242476,4956323,53654.9449214112,"United States","01000US","united-states","USA",0.03636983115995315
2014,"2014",1,"Male",8,"$70-80k","true","true",171541,3495005,45306.12469367542,"United States","01000US","united-states","USA",0.025646581498661825
2014,"2014",1,"Male",9,"$80-90k","true","true",139975,2842626,40959.73652929335,"United States","01000US","united-states","USA",0.020859380567185188
2014,"2014",1,"Male",10,"$90-100k","true","true",101802,2042545,34824.20917064654,"United States","01000US","united-states","USA",0.014988332436486992
2014,"2014",1,"Male",11,"$100-110k","true","true",106293,2151274,35724.597913779406,"United States","01000US","united-states","USA",0.01578619314334378
2014,"2014",1,"Male",12,"$110-120k","true","true",49060,971966,24118.26014108137,"United States","01000US","united-states","USA",0.007132351808632131
2014,"2014",1,"Male",13,"$120-130k","true","true",52669,1041229,24956.425318401718,"United States","01000US","united-states","USA",0.007640608356002396
2014,"2014",1,"Male",14,"$130-140k","true","true",38644,759947,21342.834235802475,"United States","01000US","united-states","USA",0.005576542142332717
2014,"2014",1,"Male",15,"$140-150k","true","true",24159,467675,16761.016048160785,"United States","01000US","united-states","USA",0.0034318305703101054
2014,"2014",1,"Male",16,"$150-160k","true","true",30296,600168,18978.100062908554,"United States","01000US","united-states","USA",0.0044040731057291395
2014,"2014",1,"Male",17,"$160-170k","true","true",21765,427725,16031.510718459715,"United States","01000US","united-states","USA",0.0031386747863064945
2014,"2014",1,"Male",18,"$170-180k","true","true",12899,249694,12256.898066541657,"United States","01000US","united-states","USA",0.0018322713474592644
2014,"2014",1,"Male",19,"$180-190k","true","true",12389,239415,12002.414136499296,"United States","01000US","united-states","USA",0.001756843354874205
2014,"2014",1,"Male",20,"$190-200k","true","true",8450,162580,9893.480496171018,"United States","01000US","united-states","USA",0.001193022962786159
2014,"2014",1,"Male",21,"$200k+","true","true",105946,2004712,34505.04788131964,"United States","01000US","united-states","USA",0.014710711340712059
2014,"2014",2,"Female",1,"< $10K","true","true",537949,10916015,77799.45438963544,"United States","01000US","united-states","USA",0.0801024514523198
2014,"2014",2,"Female",2,"$10-20k","true","true",551013,11710159,80324.10555339909,"United States","01000US","united-states","USA",0.08592993347814618
2014,"2014",2,"Female",3,"$20-30k","true","true",503620,10557999,76622.1910980103,"United States","01000US","united-states","USA",0.07747530599134766
2014,"2014",2,"Female",4,"$30-40k","true","true",441913,9116499,71606.6709708696,"United States","01000US","united-states","USA",0.06689748214551025
2014,"2014",2,"Female",5,"$40-50k","true","true",327178,6673895,61852.99806063565,"United States","01000US","united-states","USA",0.04897348988943125
2014,"2014",2,"Female",6,"$50-60k","true","true",235455,4699838,52299.20679902163,"United States","01000US","united-states","USA",0.03448772699824687
2014,"2014",2,"Female",7,"$60-70k","true","true",171939,3429651,44891.57390514687,"United States","01000US","united-states","USA",0.025167009455914092
2014,"2014",2,"Female",8,"$70-80k","true","true",111633,2222337,36300.22879100494,"United States","01000US","united-states","USA",0.01630765821164537
2014,"2014",2,"Female",9,"$80-90k","true","true",81106,1614927,31014.340214385637,"United States","01000US","united-states","USA",0.011850442823369193
2014,"2014",2,"Female",10,"$90-100k","true","true",54573,1076469,25371.925175646556,"United States","01000US","united-states","USA",0.007899201843569036
2014,"2014",2,"Female",11,"$100-110k","true","true",46614,916643,23426.60315654597,"United States","01000US","united-states","USA",0.006726387917807807
2014,"2014",2,"Female",12,"$110-120k","true","true",22185,431191,16096.12869171789,"United States","01000US","united-states","USA",0.0031641085271664825
2014,"2014",2,"Female",13,"$120-130k","true","true",20781,407479,15648.65831930863,"United States","01000US","united-states","USA",0.002990108278097806
2014,"2014",2,"Female",14,"$130-140k","true","true",14584,282359,13032.42358165801,"United States","01000US","united-states","USA",0.0020719693120269224
2014,"2014",2,"Female",15,"$140-150k","true","true",8775,168222,10063.474193268215,"United States","01000US","united-states","USA",0.001234424337838684
2014,"2014",2,"Female",16,"$150-160k","true","true",9847,190757,10715.460199799747,"United States","01000US","united-states","USA",0.0013997876818317096
2014,"2014",2,"Female",17,"$160-170k","true","true",6887,133964,8981.631715381445,"United States","01000US","united-states","USA",0.0009830368322468017
2014,"2014",2,"Female",18,"$170-180k","true","true",4268,81613,7011.716453122342,"United States","01000US","united-states","USA",0.0005988816770935342
2014,"2014",2,"Female",19,"$180-190k","true","true",3781,71917,6582.273356014252,"United States","01000US","united-states","USA",0.000527731777676788
2014,"2014",2,"Female",20,"$190-200k","true","true",2510,49533,5463.150093995257,"United States","01000US","united-states","USA",0.0003634764818285571
2014,"2014",2,"Female",21,"$200k+","true","true",24548,466780,16745.025580189293,"United States","01000US","united-states","USA",0.0034252630001803622
2021,"2021",1,"Male",1,"< $10K","true","true",826,17316,3230.527574663196,,,,"Software developers",0.011041754743726841
2021,"2021",1,"Male",2,"$10-20k","true","true",958,20505,3515.401459641066,,,,"Software developers",0.013075258779170644
2021,"2021",1,"Male",3,"$20-30k","true","true",813,18305,3321.4911303219114,,,,"Software developers",0.011672402436123806
2021,"2021",1,"Male",4,"$30-40k","true","true",843,19375,3417.177477217498,,,,"Software developers",0.012354700748423859
2021,"2021",1,"Male",5,"$40-50k","true","true",1117,25403,3912.735106537461,,,,"Software developers",0.016198527128372196
2021,"2021",1,"Male",6,"$50-60k","true","true",1716,41253,4985.890510896951,,,,"Software developers",0.026305469418050554
2021,"2021",1,"Male",7,"$60-70k","true","true",2508,56625,5841.128935564581,,,,"Software developers",0.03610760928410328
2021,"2021",1,"Male",8,"$70-80k","true","true",3300,78340,6869.940672624752,,,,"Software developers",0.049954439051949684
2021,"2021",1,"Male",9,"$80-90k","true","true",4170,97221,7652.6855344138385,,,,"Software developers",0.061994134785162115
2021,"2021",1,"Male",10,"$90-100k","true","true",3906,89679,7350.0474088196515,,,,"Software developers",0.05718488817640791
2021,"2021",1,"Male",11,"$100-110k","true","true",5438,124017,8642.42414552757,,,,"Software developers",0.07908092504347261
2021,"2021",1,"Male",12,"$110-120k","true","true",4041,87709,7268.916803862523,,,,"Software developers",0.055928694087406874
2021,"2021",1,"Male",13,"$120-130k","true","true",4485,96439,7621.865994092005,,,,"Software developers",0.061495483121406375
2021,"2021",1,"Male",14,"$130-140k","true","true",4099,87529,7261.458552750941,,,,"Software developers",0.05581391493206668
2021,"2021",1,"Male",15,"$140-150k","true","true",3149,66915,6349.499723879262,,,,"Software developers",0.04266915099771781
2021,"2021",1,"Male",16,"$150-160k","true","true",2870,61887,6106.393290941242,,,,"Software developers",0.03946298659188167
2021,"2021",1,"Male",17,"$160-170k","true","true",2728,57032,5862.075345800965,,,,"Software developers",0.03636713770756694
2021,"2021",1,"Male",18,"$170-180k","true","true",1609,32948,4455.962585654036,,,,"Software developers",0.02100968672304874
2021,"2021",1,"Male",19,"$180-190k","true","true",1600,33147,4469.395966185775,,,,"Software developers",0.021136581455897065
2021,"2021",1,"Male",20,"$190-200k","true","true",1005,19327,3412.9425081987515,,,,"Software developers",0.012324092973666474
2021,"2021",1,"Male",21,"$200k+","true","true",7753,155241,9668.361743290265,,,,"Software developers",0.09899128252315191
2021,"2021",2,"Female",1,"< $10K","true","true",294,6025,1905.6562036039554,,,,"Software developers",0.003841913394026
2021,"2021",2,"Female",2,"$10-20k","true","true",306,6413,1966.0569107144847,,,,"Software developers",0.004089326239981534
2021,"2021",2,"Female",3,"$20-30k","true","true",254,5672,1848.9903732969306,,,,"Software developers",0.003616818717164394
2021,"2021",2,"Female",4,"$30-40k","true","true",303,6758,2018.245806688038,,,,"Software developers",0.004309319621050242
2021,"2021",2,"Female",5,"$40-50k","true","true",370,8569,2272.6230751329617,,,,"Software developers",0.005464125456167435
2021,"2021",2,"Female",6,"$50-60k","true","true",609,12852,2783.181262345756,,,,"Software developers",0.008195231691289984
2021,"2021",2,"Female",7,"$60-70k","true","true",818,18857,3371.1938884411825,,,,"Software developers",0.01202439184583374
2021,"2021",2,"Female",8,"$70-80k","true","true",946,21369,3588.689542947906,,,,"Software developers",0.013626198724803584
2021,"2021",2,"Female",9,"$80-90k","true","true",1154,26612,4004.7457390325626,,,,"Software developers",0.016969460455073845
2021,"2021",2,"Female",10,"$90-100k","true","true",1067,23501,3763.430245523863,,,,"Software developers",0.014985694053610792
2021,"2021",2,"Female",11,"$100-110k","true","true",1409,30282,4271.9203707285,,,,"Software developers",0.019309679900065616
2021,"2021",2,"Female",12,"$110-120k","true","true",961,19423,3421.4072015471893,,,,"Software developers",0.012385308523181244
2021,"2021",2,"Female",13,"$120-130k","true","true",982,20676,3530.0272327919174,,,,"Software developers",0.01318429897674383
2021,"2021",2,"Female",14,"$130-140k","true","true",850,16937,3194.982302382632,,,,"Software developers",0.010800080855538317
2021,"2021",2,"Female",15,"$140-150k","true","true",576,11026,2577.910134551478,,,,"Software developers",0.007030860926561108
2021,"2021",2,"Female",16,"$150-160k","true","true",477,10021,2457.62585531329,,,,"Software developers",0.006390010642578348
2021,"2021",2,"Female",17,"$160-170k","true","true",441,8720,2292.558171007292,,,,"Software developers",0.0055604124142583766
2021,"2021",2,"Female",18,"$170-180k","true","true",240,4772,1695.9695897916902,,,,"Software developers",0.0030429229404634146
2021,"2021",2,"Female",19,"$180-190k","true","true",215,3821,1517.6014758732579,,,,"Software developers",0.002436506403082713
2021,"2021",2,"Female",20,"$190-200k","true","true",122,2473,1220.9088253792313,,,,"Software developers",0.0015769380619794686
2021,"2021",2,"Female",21,"$200k+","true","true",873,17237,3223.1507554978284,,,,"Software developers",0.010991379447771977
2020,"2020",1,"Male",1,"< $10K","true","true",808,17347,3233.415634232086,,,,"Software developers",0.012238174186038309
2020,"2020",1,"Male",2,"$10-20k","true","true",891,19206,3402.2410730459087,,,,"Software developers",0.013549684292214892
2020,"2020",1,"Male",3,"$20-30k","true","true",720,16686,3171.2204448710145,,,,"Software developers",0.011771843804014252
2020,"2020",1,"Male",4,"$30-40k","true","true",835,19697,3445.4499379000113,,,,"Software developers",0.01389608099051113
2020,"2020",1,"Male",5,"$40-50k","true","true",1183,27629,4080.5327041492724,,,,"Software developers",0.019492045574799815
2020,"2020",1,"Male",6,"$50-60k","true","true",1820,41930,5026.6165377431935,,,,"Software developers",0.02958129034533846
2020,"2020",1,"Male",7,"$60-70k","true","true",2678,60616,6043.375479286998,,,,"Software developers",0.042764118663797666
2020,"2020",1,"Male",8,"$70-80k","true","true",3447,81817,7020.639014848388,,,,"Software developers",0.057721260009171396
2020,"2020",1,"Male",9,"$80-90k","true","true",3981,92094,7448.27103393903,,,,"Software developers",0.06497160393664679
2020,"2020",1,"Male",10,"$90-100k","true","true",4192,94316,7537.533115984126,,,,"Software developers",0.06653920773219514
2020,"2020",1,"Male",11,"$100-110k","true","true",5399,119615,8487.744152229958,,,,"Software developers",0.08438745634766659
2020,"2020",1,"Male",12,"$110-120k","true","true",3624,77030,6812.269693025669,,,,"Software developers",0.0543440685738474
2020,"2020",1,"Male",13,"$120-130k","true","true",4080,87123,7244.584810117578,,,,"Software developers",0.061464601925993866
2020,"2020",1,"Male",14,"$130-140k","true","true",3548,74639,6705.764458945304,,,,"Software developers",0.05265723658682846
2020,"2020",1,"Male",15,"$140-150k","true","true",2699,57076,5864.323147256698,,,,"Software developers",0.0402666760732301
2020,"2020",1,"Male",16,"$150-160k","true","true",2628,54358,5723.04086369761,,,,"Software developers",0.038349148118099405
2020,"2020",1,"Male",17,"$160-170k","true","true",1971,40298,4927.849801556969,,,,"Software developers",0.028429926981551376
2020,"2020",1,"Male",18,"$170-180k","true","true",1432,28983,4179.3040155579065,,,,"Software developers",0.02044728209107905
2020,"2020",1,"Male",19,"$180-190k","true","true",1167,23345,3750.9173590489495,,,,"Software developers",0.016469716744858726
2020,"2020",1,"Male",20,"$190-200k","true","true",872,17188,3218.564746755448,,,,"Software developers",0.012126000917139935
2020,"2020",1,"Male",21,"$200k+","true","true",5509,110359,8152.98993432172,,,,"Software developers",0.07785742001481534
2020,"2020",2,"Female",1,"< $10K","true","true",273,5431,1809.2838380242379,,,,"Software developers",0.0038315284489752726
2020,"2020",2,"Female",2,"$10-20k","true","true",283,5698,1853.2227957226726,,,,"Software developers",0.004019894881653674
2020,"2020",2,"Female",3,"$20-30k","true","true",251,5530,1825.699190351123,,,,"Software developers",0.003901372182440298
2020,"2020",2,"Female",4,"$30-40k","true","true",291,6549,1986.7931760663557,,,,"Software developers",0.004620268792550002
2020,"2020",2,"Female",5,"$40-50k","true","true",426,9829,2433.9689109453493,,,,"Software developers",0.006934283396239726
2020,"2020",2,"Female",6,"$50-60k","true","true",642,13917,2896.1908930011255,,,,"Software developers",0.009818335743765212
2020,"2020",2,"Female",7,"$60-70k","true","true",838,18945,3379.047588561551,,,,"Software developers",0.013365550813079826
2020,"2020",2,"Female",8,"$70-80k","true","true",996,23077,3729.3283646556893,,,,"Software developers",0.016280644819923102
2020,"2020",2,"Female",9,"$80-90k","true","true",1042,23530,3765.7479573319542,,,,"Software developers",0.01660023281244488
2020,"2020",2,"Female",10,"$90-100k","true","true",1183,25875,3948.9081191827595,,,,"Software developers",0.01825461215563159
2020,"2020",2,"Female",11,"$100-110k","true","true",1338,28046,4111.205006811215,,,,"Software developers",0.019786235846061588
2020,"2020",2,"Female",12,"$110-120k","true","true",788,16679,3170.5552652860024,,,,"Software developers",0.011766905358213694
2020,"2020",2,"Female",13,"$120-130k","true","true",833,17667,3263.0992266450885,,,,"Software developers",0.012463931708349502
2020,"2020",2,"Female",14,"$130-140k","true","true",646,12288,2721.431190251289,,,,"Software developers",0.008669088856749798
2020,"2020",2,"Female",15,"$140-150k","true","true",480,9691,2416.8230713221756,,,,"Software developers",0.006836925464743024
2020,"2020",2,"Female",16,"$150-160k","true","true",413,8283,2234.377013221538,,,,"Software developers",0.005843592366573776
2020,"2020",2,"Female",17,"$160-170k","true","true",278,5398,1803.7788518693558,,,,"Software developers",0.0038082472044869307
2020,"2020",2,"Female",18,"$170-180k","true","true",173,3226,1394.447648227833,,,,"Software developers",0.002275918021799711
2020,"2020",2,"Female",19,"$180-190k","true","true",151,2832,1306.5235262483232,,,,"Software developers",0.0019979540724540546
2020,"2020",2,"Female",20,"$190-200k","true","true",86,1582,976.5077191153755,,,,"Software developers",0.0011160887509259587
2020,"2020",2,"Female",21,"$200k+","true","true",559,12025,2692.1526677632914,,,,"Software developers",0.008483544393100286
2019,"2019",1,"Male",1,"< $10K","true","true",794,16475,3151.1074269482497,,,,"Software developers",0.012873899857859642
2019,"2019",1,"Male",2,"$10-20k","true","true",831,17515,3249.032360192651,,,,"Software developers",0.013686576996079614
2019,"2019",1,"Male",3,"$20-30k","true","true",706,15221,3028.82329880115,,,,"Software developers",0.011893998770044408
2019,"2019",1,"Male",4,"$30-40k","true","true",870,19481,3426.507556805104,,,,"Software developers",0.015222849355445444
2019,"2019",1,"Male",5,"$40-50k","true","true",1272,28136,4117.792912679502,,,,"Software developers",0.021986042270151072
2019,"2019",1,"Male",6,"$50-60k","true","true",1848,41589,5006.1372101811885,,,,"Software developers",0.03249848990522153
2019,"2019",1,"Male",7,"$60-70k","true","true",2679,57754,5899.031739555874,,,,"Software developers",0.0451301494622656
2019,"2019",1,"Male",8,"$70-80k","true","true",3418,77121,6816.281121763157,,,,"Software developers",0.060263916900636934
2019,"2019",1,"Male",9,"$80-90k","true","true",3989,87117,7244.324500753607,,,,"Software developers",0.0680749944714512
2019,"2019",1,"Male",10,"$90-100k","true","true",3928,86108,7202.274635323704,,,,"Software developers",0.06728654136331279
2019,"2019",1,"Male",11,"$100-110k","true","true",5260,111062,8178.881238572608,,,,"Software developers",0.08678610415864083
2019,"2019",1,"Male",12,"$110-120k","true","true",3691,75113,6727.003904840905,,,,"Software developers",0.05869482488761222
2019,"2019",1,"Male",13,"$120-130k","true","true",4296,88138,7286.626877934598,,,,"Software developers",0.06887282462349215
2019,"2019",1,"Male",14,"$130-140k","true","true",2890,58108,5917.075912884062,,,,"Software developers",0.045406772257390475
2019,"2019",1,"Male",15,"$140-150k","true","true",2275,45830,5255.114604307389,,,,"Software developers",0.03581249350444354
2019,"2019",1,"Male",16,"$150-160k","true","true",2539,49840,5480.123844429192,,,,"Software developers",0.0389459890085417
2019,"2019",1,"Male",17,"$160-170k","true","true",1708,33555,4496.804061201764,,,,"Software developers",0.02622055901247225
2019,"2019",1,"Male",18,"$170-180k","true","true",1279,24654,3854.625127552123,,,,"Software developers",0.01926513669776459
2019,"2019",1,"Male",19,"$180-190k","true","true",1103,20775,3538.463183760335,,,,"Software developers",0.01623400725626914
2019,"2019",1,"Male",20,"$190-200k","true","true",652,12288,2721.4306081451136,,,,"Software developers",0.009602092956199047
2019,"2019",1,"Male",21,"$200k+","true","true",4500,84441,7132.258359397239,,,,"Software developers",0.0659839136811852
2019,"2019",2,"Female",1,"< $10K","true","true",250,5048,1744.323365990966,,,,"Software developers",0.003944609801667707
2019,"2019",2,"Female",2,"$10-20k","true","true",272,5481,1817.592779185138,,,,"Software developers",0.004282964802484292
2019,"2019",2,"Female",3,"$20-30k","true","true",249,4946,1726.6111116396805,,,,"Software developers",0.003864904928496133
2019,"2019",2,"Female",4,"$30-40k","true","true",301,6631,1999.192013437013,,,,"Software developers",0.005181598176477529
2019,"2019",2,"Female",5,"$40-50k","true","true",471,10506,2516.3902055551002,,,,"Software developers",0.008209601936672134
2019,"2019",2,"Female",6,"$50-60k","true","true",645,13124,2812.4741756414446,,,,"Software developers",0.01025536034807587
2019,"2019",2,"Female",7,"$60-70k","true","true",835,17852,3280.1364396347303,,,,"Software developers",0.013949915645675893
2019,"2019",2,"Female",8,"$70-80k","true","true",995,21788,3623.692661805842,,,,"Software developers",0.0170255860457084
2019,"2019",2,"Female",9,"$80-90k","true","true",1087,22592,3689.935959295401,,,,"Software developers",0.017653847987178454
2019,"2019",2,"Female",10,"$90-100k","true","true",1102,22617,3691.976698283742,,,,"Software developers",0.017673383495308743
2019,"2019",2,"Female",11,"$100-110k","true","true",1258,25593,3927.3324658387105,,,,"Software developers",0.0199988903831382
2019,"2019",2,"Female",12,"$110-120k","true","true",766,15153,3022.050770099196,,,,"Software developers",0.011840862187930025
2019,"2019",2,"Female",13,"$120-130k","true","true",842,16731,3175.4923459751612,,,,"Software developers",0.013073943461113789
2019,"2019",2,"Female",14,"$130-140k","true","true",502,9464,2388.351196092487,,,,"Software developers",0.007395361957801739
2019,"2019",2,"Female",15,"$140-150k","true","true",366,6945,2045.976574130344,,,,"Software developers",0.005426964158593944
2019,"2019",2,"Female",16,"$150-160k","true","true",378,7205,2083.9204740100827,,,,"Software developers",0.005630133443148937
2019,"2019",2,"Female",17,"$160-170k","true","true",227,4177,1586.722008072856,,,,"Software developers",0.003263992698408481
2019,"2019",2,"Female",18,"$170-180k","true","true",138,2460,1217.6954682718397,,,,"Software developers",0.0019222940000203168
2019,"2019",2,"Female",19,"$180-190k","true","true",129,2404,1203.755959884969,,,,"Software developers",0.0018785344618084724
2019,"2019",2,"Female",20,"$190-200k","true","true",59,1118,820.9071042740916,,,,"Software developers",0.0008736279235864692
2019,"2019",2,"Female",21,"$200k+","true","true",406,7565,2135.345160133154,,,,"Software developers",0.00591144476022508
2018,"2018",1,"Male",1,"< $10K","true","true",708,14953,3002.0407560445756,,,,"Software developers",0.013029835386464064
2018,"2018",1,"Male",2,"$10-20k","true","true",764,16372,3141.240332806063,,,,"Software developers",0.0142663321706139
2018,"2018",1,"Male",3,"$20-30k","true","true",656,14447,2950.815185560684,,,,"Software developers",0.012588914052581177
2018,"2018",1,"Male",4,"$30-40k","true","true",822,18652,3352.8150221818323,,,,"Software developers",0.016253092331192917
2018,"2018",1,"Male",5,"$40-50k","true","true",1266,27912,4101.3660450856105,,,,"Software developers",0.02432212701845683
2018,"2018",1,"Male",6,"$50-60k","true","true",1830,41139,4978.977372414047,,,,"Software developers",0.03584795010792116
2018,"2018",1,"Male",7,"$60-70k","true","true",2618,57800,5901.362681198456,,,,"Software developers",0.050366112842748806
2018,"2018",1,"Male",8,"$70-80k","true","true",3301,74602,6704.069501577839,,,,"Software developers",0.06500714100855963
2018,"2018",1,"Male",9,"$80-90k","true","true",3697,79971,6940.991464903916,,,,"Software developers",0.06968561263230907
2018,"2018",1,"Male",10,"$90-100k","true","true",3731,80390,6959.140986009025,,,,"Software developers",0.07005072338111724
2018,"2018",1,"Male",11,"$100-110k","true","true",4944,103733,7904.5689585965065,,,,"Software developers",0.09039148760409796
2018,"2018",1,"Male",12,"$110-120k","true","true",3319,68055,6403.288627788978,,,,"Software developers",0.05930217663517768
2018,"2018",1,"Male",13,"$120-130k","true","true",3760,77125,6816.431736942835,,,,"Software developers",0.06720564797572667
2018,"2018",1,"Male",14,"$130-140k","true","true",2698,54422,5726.386860482627,,,,"Software developers",0.04742257081536463
2018,"2018",1,"Male",15,"$140-150k","true","true",2040,40358,4931.502667452654,,,,"Software developers",0.035167397614319314
2018,"2018",1,"Male",16,"$150-160k","true","true",2068,41133,4978.614377493139,,,,"Software developers",0.03584272179170911
2018,"2018",1,"Male",17,"$160-170k","true","true",1330,25663,3932.6937324316114,,,,"Software developers",0.0223623798249734
2018,"2018",1,"Male",18,"$170-180k","true","true",934,17921,3286.465688260277,,,,"Software developers",0.015616109139358155
2018,"2018",1,"Male",19,"$180-190k","true","true",882,16770,3179.188169692243,,,,"Software developers",0.014613143812679887
2018,"2018",1,"Male",20,"$190-200k","true","true",509,9593,2404.571238954147,,,,"Software developers",0.008359206237032686
2018,"2018",1,"Male",21,"$200k+","true","true",3244,62490,6136.0182017047855,,,,"Software developers",0.05445291334850126
2018,"2018",2,"Female",1,"< $10K","true","true",230,4810,1702.7077409291944,,,,"Software developers",0.004191366829993456
2018,"2018",2,"Female",2,"$10-20k","true","true",245,5170,1765.2747366251447,,,,"Software developers",0.004505065802716459
2018,"2018",2,"Female",3,"$20-30k","true","true",227,4824,1705.1838113901654,,,,"Software developers",0.004203566234488239
2018,"2018",2,"Female",4,"$30-40k","true","true",273,5841,1876.3317824738829,,,,"Software developers",0.005089765832430723
2018,"2018",2,"Female",5,"$40-50k","true","true",494,10698,2539.276957690246,,,,"Software developers",0.009322087806085236
2018,"2018",2,"Female",6,"$50-60k","true","true",615,13223,2823.0593023084416,,,,"Software developers",0.011522337545322966
2018,"2018",2,"Female",7,"$60-70k","true","true",850,17877,3282.4292073655793,,,,"Software developers",0.01557776815380312
2018,"2018",2,"Female",8,"$70-80k","true","true",917,20000,3471.8413704169297,,,,"Software developers",0.017427720706833495
2018,"2018",2,"Female",9,"$80-90k","true","true",1045,22190,3656.9603769058285,,,,"Software developers",0.019336056124231765
2018,"2018",2,"Female",10,"$90-100k","true","true",1029,21008,3558.243988032427,,,,"Software developers",0.018306077830457904
2018,"2018",2,"Female",11,"$100-110k","true","true",1079,21515,3600.918462339059,,,,"Software developers",0.018747870550376133
2018,"2018",2,"Female",12,"$110-120k","true","true",653,12936,2792.2572967324454,,,,"Software developers",0.011272249753179905
2018,"2018",2,"Female",13,"$120-130k","true","true",675,13455,2847.7148937613,,,,"Software developers",0.011724499105522234
2018,"2018",2,"Female",14,"$130-140k","true","true",398,7382,2109.360212285804,,,,"Software developers",0.006432571712892243
2018,"2018",2,"Female",15,"$140-150k","true","true",313,6086,1915.2772047973488,,,,"Software developers",0.005303255411089433
2018,"2018",2,"Female",16,"$150-160k","true","true",264,4896,1717.8615069940106,,,,"Software developers",0.00426630602903284
2018,"2018",2,"Female",17,"$160-170k","true","true",161,2857,1312.2772817661678,,,,"Software developers",0.002489549902971165
2018,"2018",2,"Female",18,"$170-180k","true","true",102,1796,1040.459647584393,,,,"Software developers",0.001565009319473648
2018,"2018",2,"Female",19,"$180-190k","true","true",101,1825,1048.8260521905088,,,,"Software developers",0.0015902795144985566
2018,"2018",2,"Female",20,"$190-200k","true","true",45,869,723.7412873064638,,,,"Software developers",0.0007572344647119154
2018,"2018",2,"Female",21,"$200k+","true","true",254,4838,1707.6562911219241,,,,"Software developers",0.0042157656389830225